Treatment,Temperature,Genotype,Repetition,11,18,26,32,40,47,54,Root weight,Fresh  weight ,Dry weight
Water,T0,NEVA,1,4,4,4,5,5,6,7,95.79,28.1,6.9
Water,T0,NANT,1,3,4,5,5,5,6,7,40.4,20.43,4.96
Water,T0,DEEP,1,4,4,5,5,5,5,6,70.13,26.05,7.33
Water,T0,OXHELLA,1,3,4,3,4,6,6,7,66.34,23.5,6.38
Water,T0,PRESTO,1,4,4,4,5,6,6,7,114.68,24.68,6.76
Water,T1,NEVA,1,4,4,4,5,6,6,7,96.6,24.58,7
Water,T1,NANT,1,4,4,4,5,6,7,7,45.76,17.47,5.66
Water,T1,ROBILA,1,3,3,5,5,6,7,8,52.14,21.97,6.97
Water,T1,DEEP,1,4,4,4,5,6,7,7,77.4,42.73,9.80
Water,T1,OXHELLA,1,4,4,6,6,6,6,7,46.11,19.46,5.75
Water,T1,PRESTO,1,4,5,5,5,6,7,8,82.91,24.36,7.25
Water,T2,NEVA,1,2,2,3,3,4,4,5,63.34,19.64,6.16
Water,T2,NANT,1,2,2,3,4,5,5,6,38.26,18.26,5.47
Water,T2,ROBILA,1,2,3,4,4,5,6,7,46.88,26.17,7.68
Water,T2,DEEP,1,2,3,3,3,4,4,6,58.78,34.38,8.82
Water,T2,OXHELLA,1,1,3,3,4,6,6,7,54.92,25,7.15
Water,T2,PRESTO,1,3,3,3,4,6,6,7,70.21,20.38,6.19
Water,T3,NEVA,1,0,2,3,3,4,5,6,109.31,28.1,7.55
Water,T3,NANT,1,0,1,2,3,4,5,7,40.08,20.43,5.68
Water,T3,ROBILA,1,3,3,3,4,5,6,8,66.15,32.29,9.14
Water,T3,DEEP,1,3,4,4,4,5,6,8,78.88,39.59,10.27
Water,T3,OXHELLA,1,3,3,4,4,5,6,7,80.97,20.68,7.04
Water,T3,PRESTO,1,3,3,3,3,4,5,7,95,23.78,6.40
PRI,T0,NEVA,1,3,3,4,4,5,6,6,133.24,32.69,9.18
PRI,T0,NANT,1,2,3,3,3,4,5,6,38.75,16.21,5.63
PRI,T0,ROBILA,1,2,3,4,4,5,5,6,50.77,20.68,8.69
PRI,T0,DEEP,1,3,3,4,4,4,5,6,49.35,27.64,7.63
PRI,T0,OXHELLA,1,3,3,3,3,4,5,6,61.02,21.39,6.38
PRI,T0,PRESTO,1,3,4,4,5,5,5,6,115.06,21.24,6.55
PRI,T1,NEVA,1,2,2,3,3,4,5,7,111.34,23.67,7.22
PRI,T1,NANT,1,1,2,3,3,5,5,7,39.8,17.39,5.75
PRI,T1,ROBILA,1,2,4,4,4,5,6,7,42.87,19.7,6.16
PRI,T1,DEEP,1,3,3,4,4,6,6,7,130.02,48.96,14.42
PRI,T1,OXHELLA,1,2,2,4,4,5,6,6,54.89,24.6,6.99
PRI,T1,PRESTO,1,4,4,5,5,6,7,7,75.17,15.96,5.35
PRI,T2,NEVA,1,2,3,3,4,5,6,6,80.98,21.53,5.68
PRI,T2,NANT,1,0,0,3,4,5,6,6,40.66,14.17,5.32
PRI,T2,ROBILA,1,1,2,4,4,5,5,5,41.66,19.05,6.15
PRI,T2,DEEP,1,2,2,3,3,4,4,5,77.4,39.58,9.67
PRI,T2,OXHELLA,1,0,2,3,3,4,4,4,81.9,23.41,6.53
PRI,T2,PRESTO,1,1,4,4,4,4,5,6,82.6,18.03,6.68
PRI,T3,NEVA,1,1,2,3,3,4,5,6,59.09,16.16,5.68
PRI,T3,NANT,1,0,1,3,4,5,5,6,37.69,13.88,5.11
PRI,T3,ROBILA,1,1,2,2,3,5,6,6,47.63,21.91,7.86
PRI,T3,DEEP,1,3,3,3,3,5,5,6,63.16,33.48,8.55
PRI,T3,OXHELLA,1,1,2,3,3,3,4,5,86.44,28.36,7.53
PRI,T3,PRESTO,1,2,3,4,4,5,5,6,73.66,16.49,5.63
Water,T0,NEVA,2,3,4,5,6,6,6,6,109.03,22.6,6.73
Water,T0,NANT,2,3,3,4,5,5,6,7,33.5,17.57,5
Water,T0,ROBILA,2,3,3,4,5,6,6,7,70.63,36.41,10
Water,T0,DEEP,2,3,4,4,5,5,6,7,118.14,62.17,15
Water,T0,OXHELLA,2,3,3,4,4,5,6,6,101.1,32.09,7.68
Water,T0,PRESTO,2,3,4,5,6,7,7,7,164.5,27.06,8.88
Water,T1,NEVA,2,3,3,4,4,5,6,7,90.41,15.97,5.31
Water,T1,NANT,2,0,3,3,3,5,6,7,29.1,12.8,4.74
Water,T1,ROBILA,2,3,3,5,5,6,7,7,32.17,27.45,7.32
Water,T1,DEEP,2,3,4,4,4,5,6,7,84.1,41.21,
Water,T1,OXHELLA,2,2,3,3,4,5,6,8,73.86,18.72,6.09
Water,T1,PRESTO,2,4,4,5,5,6,7,7,82.45,24.13,6.88
Water,T2,NEVA,2,0,3,3,3,4,4,5,59.78,22.06,6.44
Water,T2,NANT,2,3,3,3,5,5,6,7,27.71,11.7,4.71
Water,T2,ROBILA,2,1,2,3,4,5,5,7,47.4,20.58,6.58
Water,T2,DEEP,2,2,3,3,4,4,5,7,83.38,56.75,12.18
Water,T2,OXHELLA,2,0,2,3,3,4,4,6,51.77,30.93,7.31
Water,T2,PRESTO,2,3,3,4,4,4,5,6,101.82,20.09,5.92
Water,T3,NEVA,2,1,1,3,4,4,5,6,81.78,22.78,6.25
Water,T3,NANT,2,2,3,3,3,4,5,6,52.18,23.4,5.62
Water,T3,ROBILA,2,3,3,6,6,6,6,6,51.92,24.3,6.63
Water,T3,DEEP,2,3,3,4,4,5,6,6,107.93,47.27,11.53
Water,T3,OXHELLA,2,1,2,3,3,4,4,6,141.12,51.63,11.05
Water,T3,PRESTO,2,2,2,4,4,5,6,7,60.5,16.1,5.40
PRI,T0,NEVA,2,3,3,3,4,4,5,5,71.89,17.54,5.8
PRI,T0,NANT,2,2,2,3,3,4,4,5,41.25,14.02,4.88
PRI,T0,ROBILA,2,2,3,3,3,4,5,6,55.77,23.39,7.08
PRI,T0,DEEP,2,3,3,3,4,5,5,6,83,33.82,8.35
PRI,T0,OXHELLA,2,3,3,3,5,6,6,6,58.2,17.42,5.30
PRI,T0,PRESTO,2,3,3,4,5,5,5,6,93.56,15.11,5.37
PRI,T1,NEVA,2,1,3,3,4,5,5,7,55.3,14.68,5.4
PRI,T1,NANT,2,1,2,3,4,5,6,7,43.98,16.29,5.57
PRI,T1,ROBILA,2,0,2,4,4,5,6,7,38.42,22.87,7.11
PRI,T1,DEEP,2,1,3,3,4,4,5,6,102.54,45,10.97
PRI,T1,OXHELLA,2,2,3,3,4,4,4,6,110.04,43.22,9.73
PRI,T1,PRESTO,2,1,2,3,3,4,5,6,77.38,18.76,6.11
PRI,T2,NEVA,2,0,2,3,3,4,5,6,104.7,28.09,7.49
PRI,T2,NANT,2,0,1,3,3,4,5,6,50.98,20.02,5.67
PRI,T2,ROBILA,2,0,1,4,4,4,5,6,49.88,27.31,7.75
PRI,T2,DEEP,2,2,3,4,4,5,4,6,70.34,33.43,8.61
PRI,T2,OXHELLA,2,0,1,2,3,4,4,6,110.76,30.79,7.54
PRI,T2,PRESTO,2,1,3,4,4,4,5,6,108.17,22.08,5.14
PRI,T3,NEVA,2,0,1,1,2,3,3,4,72.8,17.3,4.40
PRI,T3,NANT,2,0,1,2,2,3,3,5,54.27,21.18,6.13
PRI,T3,ROBILA,2,1,1,1,3,4,4,5,61.03,23.96,6.85
PRI,T3,DEEP,2,2,3,3,3,4,5,5,72.6,21.08,8.25
PRI,T3,OXHELLA,2,0,0,2,2,4,4,5,73.21,27.32,6.88
PRI,T3,PRESTO,2,3,3,4,5,6,6,7,91.2,20.48,6.18
Water,T0,NEVA,3,4,4,4,5,6,6,7,55.3,12.56,4.97
Water,T0,NANT,3,3,3,5,6,6,6,7,29.15,11.2,4.52
Water,T0,ROBILA,3,3,4,5,5,6,6,6,48.35,20.01,6.6
Water,T0,DEEP,3,4,5,5,5,5,6,6,113.89,42.92,10.98
Water,T0,OXHELLA,3,3,4,5,5,6,6,6,75.86,22.75,6.63
Water,T0,PRESTO,3,3,4,5,5,6,6,6,87.77,19.3,5.75
Water,T1,NEVA,3,2,4,5,5,6,7,8,65.24,13.88,5.05
Water,T1,NANT,3,2,3,5,5,6,7,8,19.52,10.99,4.42
Water,T1,ROBILA,3,2,3,5,5,6,6,7,38.6,17.97,6.45
Water,T1,DEEP,3,2,3,4,4,5,7,8,70.45,31.05,7.8
Water,T1,OXHELLA,3,3,4,5,5,6,7,7,66.88,25.55,7.09
Water,T1,PRESTO,3,4,5,6,6,6,7,8,75.35,15.37,5.25
Water,T2,NEVA,3,2,3,4,5,5,5,6,95.31,19.28,6.08
Water,T2,NANT,3,1,3,4,5,5,5,5,40.09,18.38,5.41
Water,T2,ROBILA,3,2,3,3,4,5,5,6,28.98,16.34,5.56
Water,T2,DEEP,3,2,3,4,4,5,5,6,64.1,28.31,7.58
Water,T2,OXHELLA,3,1,3,3,3,3,4,5,68.25,20.01,5.9
Water,T2,PRESTO,3,3,4,5,6,6,6,6,92.32,23.12,6.62
Water,T3,NEVA,3,2,3,4,5,5,5,6,86.84,20.21,6.17
Water,T3,NANT,3,1,1,3,4,4,4,7,32.65,16.23,5.17
Water,T3,ROBILA,3,1,3,3,4,4,4,6,49.87,21.58,6.85
Water,T3,DEEP,3,2,5,5,5,5,5,7,107.01,55.05,14.5
Water,T3,OXHELLA,3,2,3,4,4,5,4,6,52.25,34.03,8.18
Water,T3,PRESTO,3,1,3,4,4,5,5,7,60.01,14.96,5.22
PRI,T0,NEVA,3,3,3,3,4,5,5,6,88.48,11.48,6.19
PRI,T0,NANT,3,2,3,3,4,4,4,5,36.91,16.25,5.22
PRI,T0,ROBILA,3,3,3,3,4,4,5,5,32.37,13.23,5.27
PRI,T0,DEEP,3,3,3,3,4,4,5,6,65.76,34.02,8.43
PRI,T0,OXHELLA,3,3,3,4,5,5,5,6,115.38,31.42,7.88
PRI,T0,PRESTO,3,3,4,4,4,5,6,7,72.18,16.9,5.73
PRI,T1,NEVA,3,1,2,3,3,4,4,5,61.85,13.85,4.80
PRI,T1,NANT,3,0,2,3,4,4,4,6,37.48,13.75,5
PRI,T1,ROBILA,3,1,2,3,4,4,5,7,27.41,17.93,6.47
PRI,T1,DEEP,3,2,3,4,4,4,4,5,91.22,41.03,10.58
PRI,T1,OXHELLA,3,1,2,3,4,4,4,6,95.08,30.06,7.12
PRI,T1,PRESTO,3,1,4,4,4,5,5,6,84.55,16.63,5.40
PRI,T2,NEVA,3,1,2,3,3,3,3,4,49.71,16.18,5.25
PRI,T2,NANT,3,0,1,2,3,3,3,4,31.06,15.52,4.99
PRI,T2,ROBILA,3,1,1,1,3,4,4,4,49.13,25.24,7
PRI,T2,DEEP,3,2,3,3,4,4,4,4,58.42,31.65,7.65
PRI,T2,OXHELLA,3,1,2,3,3,3,4,5,72.52,37.63,7.92
PRI,T2,PRESTO,3,2,2,3,3,4,4,5,98.1,22.32,6
PRI,T3,NEVA,3,1,2,3,3,3,3,5,103.74,25.6,7.05
PRI,T3,NANT,3,0,2,3,3,3,3,5,55.39,22.23,6.11
PRI,T3,ROBILA,3,0,1,3,3,3,3,5,103.52,41.6,11.83
PRI,T3,DEEP,3,2,3,2,3,3,4,6,88.83,51.52,12.59
PRI,T3,OXHELLA,3,0,1,2,2,2,3,5,72.85,25.13,6.54
PRI,T3,PRESTO,3,2,3,4,4,4,5,6,67.95,18.91,5.38
Water,T0,NEVA,4,4,4,5,6,6,6,7,104,23.74,7.16
Water,T0,NANT,4,4,5,5,6,6,6,7,30.13,9.7,4.33
Water,T0,ROBILA,4,4,4,5,6,6,6,7,34.52,17.21,5.95
Water,T0,DEEP,4,4,5,5,6,6,6,6,58.04,28.66,7.44
Water,T0,OXHELLA,4,4,5,5,6,6,6,7,46.79,18.85,5.51
Water,T0,PRESTO,4,4,5,6,6,6,7,7,98.55,21.09,6.32
Water,T1,NEVA,4,2,4,4,4,5,6,7,49.49,14.8,4.84
Water,T1,NANT,4,0,3,3,4,4,5,7,38.93,14.4,5.22
Water,T1,ROBILA,4,2,3,3,4,5,6,7,54.8,29.77,8.26
Water,T1,DEEP,4,3,4,4,4,5,6,7,79.14,33,8.21
Water,T1,OXHELLA,4,0,5,4,4,5,6,7,37.23,15.84,5.02
Water,T1,PRESTO,4,3,4,5,5,6,6,7,105,24.34,6.66
Water,T2,NEVA,4,2,3,4,5,6,6,6,95.21,23.83,6.97
Water,T2,NANT,4,1,2,3,4,4,4,6,34.84,15.64,5.15
Water,T2,ROBILA,4,2,2,4,5,5,5,6,57.63,26.62,7.18
Water,T2,DEEP,4,3,4,4,5,5,5,6,35.61,16.36,5.33
Water,T2,OXHELLA,4,1,3,3,3,4,5,6,40.5,16.9,5.36
Water,T2,PRESTO,4,3,3,4,5,6,6,7,109.18,20.07,6.08
Water,T3,NEVA,4,3,3,4,4,4,4,6,64.41,16.82,5.46
Water,T3,NANT,4,2,2,3,4,4,4,5,21.83,11.8,4.43
Water,T3,ROBILA,4,2,2,3,3,4,5,6,93.61,20.65,6.44
Water,T3,DEEP,4,3,4,5,5,5,5,6,51.63,23.22,6.63
Water,T3,OXHELLA,4,2,3,4,4,4,5,5,51.71,19.21,6
Water,T3,PRESTO,4,3,5,5,5,5,6,6,58.48,15.09,5.18
PRI,T0,NEVA,4,3,3,3,4,5,5,5,66.91,16.77,5.88
PRI,T0,NANT,4,2,3,3,4,4,5,6,42.72,14.71,5.02
PRI,T0,ROBILA,4,2,3,3,4,4,4,6,48.38,18.58,6
PRI,T0,DEEP,4,3,4,4,4,5,5,6,70.1,29.6,8.09
PRI,T0,OXHELLA,4,3,3,4,4,5,5,6,78.02,20.93,6.39
PRI,T0,PRESTO,4,3,3,4,4,5,5,6,78.5,14.82,4.92
PRI,T1,NEVA,4,0,0,3,2,3,5,6,72.44,19.77,6
PRI,T1,NANT,4,1,3,3,3,5,5,7,26.17,13.2,5.06
PRI,T1,ROBILA,4,2,2,2,3,4,4,6,42.49,14.55,6.48
PRI,T1,DEEP,4,2,3,4,4,5,5,6,81.06,51.75,11.81
PRI,T1,OXHELLA,4,3,4,4,4,6,5,7,68.36,21.24,6.41
PRI,T1,PRESTO,4,2,3,3,3,5,5,6,93.54,20.88,6.61
PRI,T2,NEVA,4,1,2,3,3,3,3,4,68.64,17.4,5.43
PRI,T2,NANT,4,0,1,2,3,3,3,4,33.65,16.54,4.98
PRI,T2,ROBILA,4,0,0,2,3,3,4,5,35.88,20.7,6.52
PRI,T2,DEEP,4,2,3,3,3,3,4,5,89.07,50.35,10.52
PRI,T2,OXHELLA,4,0,1,2,2,3,4,4,80.11,27.9,6.95
PRI,T2,PRESTO,4,2,2,4,4,4,4,4,113.8,32.48,7.97
PRI,T3,NEVA,4,0,1,3,3,3,3,4,98.78,27.4,6.80
PRI,T3,NANT,4,0,1,2,2,3,4,4,55.54,20.26,5.87
PRI,T3,ROBILA,4,2,2,3,4,3,4,5,46.91,25.63,7.74
PRI,T3,DEEP,4,1,2,3,3,3,4,4,147.9,74.58,16.23
PRI,T3,OXHELLA,4,0,2,2,2,3,3,4,94.27,33.88,7.88
PRI,T3,PRESTO,4,2,3,3,3,4,4,6,102.06,20.79,6.11
Water,T0,ROBILA,1,3,3,4,5,6,6,7,50.77,31.66,8.55
